<?xml version="1.0" encoding="UTF-8"?>
<InformeMensual Mes="05">
    <Parte>
        <mes/>
        <idParte/>
        <fecha/>
        <kmInicio/>
        <kmFinal/>
        <gasolina/>
        <peaje/>
        <dietas/>
        <otros/>
        <incidencias/>
        <estado/>
        <trabajador/>
    </Parte>
    <Parte>
        <ID>95</ID>
        <Kminicio>1</Kminicio>
        <Kmfinal>1</Kmfinal>
        <gasolina>0</gasolina>
        <peaje>0</peaje>
        <dietas>0</dietas>
        <otros>0</otros>
        <incidencias>Sin incidencia</incidencias>
        <trabajador>44347219E</trabajador>
    </Parte>
    <Parte>
        <ID>96</ID>
        <Kminicio>1</Kminicio>
        <Kmfinal>2</Kmfinal>
        <gasolina>2</gasolina>
        <peaje>0</peaje>
        <dietas>0</dietas>
        <otros>0</otros>
        <incidencias>Ultima prueba</incidencias>
        <trabajador>44347219E</trabajador>
    </Parte>
    <Parte>
        <ID>89</ID>
        <Kminicio>0</Kminicio>
        <Kmfinal>0</Kmfinal>
        <gasolina>0</gasolina>
        <peaje>0</peaje>
        <dietas>0</dietas>
        <otros>0</otros>
        <incidencias>null</incidencias>
        <trabajador>44347219E</trabajador>
    </Parte>
</InformeMensual>
